word,dirname
8601format,IATI-Standard-SSOT-version-1.03/103.new/activity-schema-table
accesss,IATI-Standard-SSOT-version-2.03/docs/en/_build/dirhtml/codelists/OrganisationRegistrationAgency
accesss,IATI-Standard-SSOT-version-2.01/docs/en/_build/dirhtml/codelists/OrganisationRegistrationAgency
accesss,IATI-Standard-SSOT-version-1.05/docs/en/_build/dirhtml/codelists/OrganisationRegistrationAgency
accesss,IATI-Standard-SSOT-version-1.04/docs/en/_build/dirhtml/codelists/OrganisationRegistrationAgency
activityanother,IATI-Standard-SSOT-version-1.01/101.new/activity-schema-table
activityidentifier,IATI-Standard-SSOT-version-1.03/103.new/activity-schema-table
activityreport,IATI-Standard-SSOT-version-1.03/103.new/activity-schema-table
actvity,IATI-Standard-SSOT-version-1.05/docs/en/_build/dirhtml/activity-standard
actvity,IATI-Standard-SSOT-version-1.04/docs/en/_build/dirhtml/activity-standard
admininistrative,IATI-Standard-SSOT-version-2.03/docs/en/_build/dirhtml/codelists/GeographicVocabulary
admininistrative,IATI-Standard-SSOT-version-2.01/docs/en/_build/dirhtml/codelists/GeographicVocabulary
admininistrative,IATI-Standard-SSOT-version-1.05/docs/en/_build/dirhtml/codelists/GeographicVocabulary
admininistrative,IATI-Standard-SSOT-version-1.04/docs/en/_build/dirhtml/codelists/GeographicVocabulary
aidactivity,IATI-Standard-SSOT-version-1.03/103.new/activity-schema-table
alongisde,IATI-Standard-SSOT-version-2.03/docs/en/_build/dirhtml/activity-standard/iati-activities/iati-activity/transaction/recipient-country
alongisde,IATI-Standard-SSOT-version-2.03/docs/en/_build/dirhtml/activity-standard/iati-activities/iati-activity/transaction/recipient-region
alongisde,IATI-Standard-SSOT-version-2.03/docs/en/_build/dirhtml/activity-standard/summary-table
alongisde,IATI-Standard-SSOT-version-2.03/docs/en/_build/dirhtml/rulesets/standard-ruleset
alsobe,IATI-Standard-SSOT-version-1.03/103.new/activity-schema-table
anactivity,IATI-Standard-SSOT-version-1.03/103.new/activity-schema-table
anddonors,IATI-Standard-SSOT-version-1.03/103.new/activity-schema-table
arereported,IATI-Standard-SSOT-version-1.03/103.new/activity-schema-table
ascontent,IATI-Standard-SSOT-version-1.03/103.new/activity-schema-table
asscending,IATI-Standard-SSOT-version-2.03/docs/en/_build/dirhtml/activity-standard/iati-activities/iati-activity/result/indicator
asscending,IATI-Standard-SSOT-version-2.01/docs/en/_build/dirhtml/activity-standard/iati-activities/iati-activity/result/indicator
athttp,IATI-Standard-SSOT-version-1.03/103.new/activity-schema-table
atransaction,IATI-Standard-SSOT-version-1.03/103.new/activity-schema-table
availible,IATI-Standard-SSOT-version-2.03/docs/en/_build/dirhtml/rulesets/ruleset-spec
availible,IATI-Standard-SSOT-version-2.01/docs/en/_build/dirhtml/rulesets/ruleset-spec
availible,IATI-Standard-SSOT-version-1.05/docs/en/_build/dirhtml/rulesets/ruleset-spec
availible,IATI-Standard-SSOT-version-1.04/docs/en/_build/dirhtml/rulesets/ruleset-spec
bedefined,IATI-Standard-SSOT-version-1.03/103.new/activity-schema-table
bein,IATI-Standard-SSOT-version-1.03/103.new/activity-schema-table
bepresent,IATI-Standard-SSOT-version-1.03/103.new/activity-schema-table
bilateraal,IATI-Standard-SSOT-version-1.03/103.new/activities-standard/collaboration-type
bilateraal,IATI-Standard-SSOT-version-1.02/102.new/activities-standard/collaboration-type
bilateraal,IATI-Standard-SSOT-version-1.01/101.new/activities-standard/classifications/collaboration-type
bolean,IATI-Standard-SSOT-version-1.05/docs/en/_build/dirhtml/activity-standard/iati-activities/iati-activity/conditions
bolean,IATI-Standard-SSOT-version-1.04/docs/en/_build/dirhtml/activity-standard/iati-activities/iati-activity/conditions
bothon,IATI-Standard-SSOT-version-1.03/103.new/activity-schema-table
byiati,IATI-Standard-SSOT-version-1.03/103.new/activity-schema-table
canhave,IATI-Standard-SSOT-version-1.03/103.new/activity-schema-table
capitalspending,IATI-Standard-SSOT-version-1.03/103.new/activity-schema-table
catgory,IATI-Standard-SSOT-version-1.05/docs/en/_build/dirhtml/activity-standard/overview/classifications
catgory,IATI-Standard-SSOT-version-1.04/docs/en/_build/dirhtml/activity-standard/overview/classifications
codeor,IATI-Standard-SSOT-version-1.03/103.new/activity-schema-table
codesshould,IATI-Standard-SSOT-version-1.03/103.new/activity-schema-table
coldelist,IATI-Standard-SSOT-version-1.05/docs/en/_build/dirhtml/codelists-guides/codelist-api
coldelist,IATI-Standard-SSOT-version-1.04/docs/en/_build/dirhtml/codelists-guides/codelist-api
commited,IATI-Standard-SSOT-version-1.03/103.new/getting-started/financial-data/transactions
commited,IATI-Standard-SSOT-version-1.02/102.new/guides/financial-data/transactions
contactperson,IATI-Standard-SSOT-version-1.03/103.new/activity-schema-table
contentmust,IATI-Standard-SSOT-version-1.03/103.new/activity-schema-table
countrysystem,IATI-Standard-SSOT-version-1.03/103.new/activity-schema-table
crschannel,IATI-Upgrades/en/_build/dirhtml/upgrade-changelogs/decimal-upgrade-to-2-02/2-02-changes
decription,IATI-Standard-SSOT-version-2.03/docs/en/_build/dirhtml/codelists/DescriptionType
decription,IATI-Standard-SSOT-version-2.01/docs/en/_build/dirhtml/codelists/DescriptionType
decription,IATI-Standard-SSOT-version-1.05/docs/en/_build/dirhtml/codelists/DescriptionType
decription,IATI-Standard-SSOT-version-1.04/docs/en/_build/dirhtml/codelists/DescriptionType
decription,IATI-Standard-SSOT-version-1.03/103.new/codelists/all-codelists
decription,IATI-Standard-SSOT-version-1.02/102.new/codelists/all-codelists
decription,IATI-Standard-SSOT-version-1.01/101.new/codelists/all-codelists
desciption,IATI-Standard-SSOT-version-1.03/103.new/organisation-standard/documents
desciption,IATI-Standard-SSOT-version-1.02/102.new/organisation-standard/documents
desciption,IATI-Standard-SSOT-version-1.01/101.new/organisation-standard/documents
dibursement,IATI-Standard-SSOT-version-1.05/docs/en/_build/dirhtml/activity-standard/overview/budgets
dibursement,IATI-Standard-SSOT-version-1.04/docs/en/_build/dirhtml/activity-standard/overview/budgets
differentlanguages,IATI-Standard-SSOT-version-1.03/103.new/activity-schema-table
elementshould,IATI-Standard-SSOT-version-1.03/103.new/activity-schema-table
emebedded,IATI-Standard-SSOT-version-1.05/docs/en/_build/dirhtml/codelists-guides/codelist-management
emebedded,IATI-Standard-SSOT-version-1.04/docs/en/_build/dirhtml/codelists-guides/codelist-management
entites,IATI-Standard-SSOT-version-2.03/docs/en/_build/dirhtml/codelists/OrganisationRegistrationAgency
entites,IATI-Standard-SSOT-version-2.01/docs/en/_build/dirhtml/codelists/OrganisationRegistrationAgency
entites,IATI-Standard-SSOT-version-1.05/docs/en/_build/dirhtml/codelists/OrganisationRegistrationAgency
entites,IATI-Standard-SSOT-version-1.04/docs/en/_build/dirhtml/codelists/OrganisationRegistrationAgency
exsits,IATI-Standard-SSOT-version-1.03/103.new/activities-standard/transaction/receiver-org
exsits,IATI-Standard-SSOT-version-1.02/102.new/activities-standard/transaction/receiver-org
exsits,IATI-Standard-SSOT-version-1.01/101.new/activities-standard/financial-transaction/transaction-receiver
featuresspecific,IATI-Standard-SSOT-version-1.03/103.new/activity-schema-table
financialtransactions,IATI-Standard-SSOT-version-1.03/103.new/activity-schema-table
foradministrative,IATI-Standard-SSOT-version-1.03/103.new/activity-schema-table
fordifferent,IATI-Standard-SSOT-version-1.03/103.new/activity-schema-table
forgeographical,IATI-Standard-SSOT-version-1.03/103.new/activity-schema-table
formalidentifier,IATI-Standard-SSOT-version-1.03/103.new/activity-schema-table
frameborder,IATI-Standard-SSOT-version-1.03/103.new/standard/codelists
frameborder,IATI-Standard-SSOT-version-1.02/102.new/standard/codelists
frameborder,IATI-Standard-SSOT-version-1.01/101.new/standard/codelists
fromgroups,IATI-Standard-SSOT-version-1.02/102.new/governance/technical-advisory-group
fundingrelationships,IATI-Standard-SSOT-version-1.03/103.new/activity-schema-table
generatinglinked,IATI-Standard-SSOT-version-1.03/103.new/activity-schema-table
geopgraphic,IATI-Standard-SSOT-version-2.03/docs/en/_build/dirhtml/codelists/GeographicLocationClass
geopgraphic,IATI-Standard-SSOT-version-2.01/docs/en/_build/dirhtml/codelists/GeographicLocationClass
geopgraphic,IATI-Standard-SSOT-version-1.05/docs/en/_build/dirhtml/codelists/GeographicLocationClass
geopgraphic,IATI-Standard-SSOT-version-1.04/docs/en/_build/dirhtml/codelists/GeographicLocationClass
geopoliticalpurposes,IATI-Standard-SSOT-version-1.03/103.new/activity-schema-table
githib,IATI-Standard-SSOT-version-1.03/103.new/getting-started/tools-to-help/tools-to-validate-data
githib,IATI-Standard-SSOT-version-1.02/102.new/getting-started/tools-to-help/tools-to-validate-data
historicalcurrency,IATI-Standard-SSOT-version-1.03/103.new/activity-schema-table
humanitarians,IATI-Upgrades/en/_build/dirhtml/upgrade-changelogs/decimal-upgrade-to-2-02/2-02-changes
iatiorganisation,IATI-Standard-SSOT-version-1.05/docs/en/_build/dirhtml/organisation-standard/overview/organisation-file
iatiorganisation,IATI-Standard-SSOT-version-1.04/docs/en/_build/dirhtml/organisation-standard/overview/organisation-file
identifer,IATI-Standard-SSOT-version-2.03/docs/en/_build/dirhtml/codelists/OrganisationRegistrationAgency
identifer,IATI-Standard-SSOT-version-2.01/docs/en/_build/dirhtml/codelists/OrganisationRegistrationAgency
identifer,IATI-Standard-SSOT-version-1.05/docs/en/_build/dirhtml/rulesets/ruleset-development
identifer,IATI-Standard-SSOT-version-1.05/docs/en/_build/dirhtml/codelists/OrganisationRegistrationAgency
identifer,IATI-Standard-SSOT-version-1.04/docs/en/_build/dirhtml/rulesets/ruleset-development
identifer,IATI-Standard-SSOT-version-1.04/docs/en/_build/dirhtml/codelists/OrganisationRegistrationAgency
identifierthis,IATI-Standard-SSOT-version-1.01/101.new/activity-schema-table
iframe,IATI-Standard-SSOT-version-1.03/103.new/standard/codelists
iframe,IATI-Standard-SSOT-version-1.02/102.new/standard/codelists
iframe,IATI-Standard-SSOT-version-1.01/101.new/standard/codelists
indieis,IATI-Standard-SSOT-version-1.03/103.new/getting-started/geographic-data/countries-regions
indieis,IATI-Standard-SSOT-version-1.02/102.new/guides/geographic-data/countries-regions
individualtransactions,IATI-Standard-SSOT-version-1.03/103.new/activity-schema-table
instition,IATI-Standard-SSOT-version-2.03/docs/en/_build/dirhtml/codelists/OrganisationRegistrationAgency
instition,IATI-Standard-SSOT-version-2.01/docs/en/_build/dirhtml/codelists/OrganisationRegistrationAgency
instition,IATI-Standard-SSOT-version-1.05/docs/en/_build/dirhtml/codelists/OrganisationRegistrationAgency
instition,IATI-Standard-SSOT-version-1.04/docs/en/_build/dirhtml/codelists/OrganisationRegistrationAgency
inthis,IATI-Standard-SSOT-version-1.03/103.new/activity-schema-table
intiatives,IATI-Standard-SSOT-version-1.03/103.new/getting-started/related-documents/related-activity
intiatives,IATI-Standard-SSOT-version-1.02/102.new/guides/related-documents/related-activity
isavailable,IATI-Standard-SSOT-version-1.03/103.new/activity-schema-table
isnot,IATI-Standard-SSOT-version-1.03/103.new/activity-schema-table
isstrongly,IATI-Standard-SSOT-version-1.03/103.new/activity-schema-table
itdepends,IATI-Standard-SSOT-version-1.03/103.new/activity-schema-table
itis,IATI-Standard-SSOT-version-1.03/103.new/activity-schema-table
langage,IATI-Standard-SSOT-version-1.05/docs/en/_build/dirhtml/activity-standard/iati-activities/iati-activity/title
langage,IATI-Standard-SSOT-version-1.04/docs/en/_build/dirhtml/activity-standard/iati-activities/iati-activity/title
langage,IATI-Standard-SSOT-version-1.03/103.new/activities-standard/result/indicator/title
langage,IATI-Standard-SSOT-version-1.03/103.new/activities-standard/result/title
langage,IATI-Standard-SSOT-version-1.03/103.new/activities-standard/title
langage,IATI-Standard-SSOT-version-1.03/103.new/activities-standard/document-link/title
langage,IATI-Standard-SSOT-version-1.02/102.new/activities-standard/result/indicator/title
langage,IATI-Standard-SSOT-version-1.02/102.new/activities-standard/result/title
langage,IATI-Standard-SSOT-version-1.02/102.new/activities-standard/title
langage,IATI-Standard-SSOT-version-1.02/102.new/activities-standard/document-link/title
langage,IATI-Standard-SSOT-version-1.01/101.new/activities-standard/results/indicator/title
langage,IATI-Standard-SSOT-version-1.01/101.new/activities-standard/results/title
langage,IATI-Standard-SSOT-version-1.01/101.new/activities-standard/related-documents/activity-documents/title
langage,IATI-Standard-SSOT-version-1.01/101.new/activities-standard/basic-activity-information/activity-title
lastupdated,IATI-Standard-SSOT-version-1.03/103.new/activity-schema-table
lowesthierarchical,IATI-Standard-SSOT-version-1.03/103.new/activity-schema-table
markerelement,IATI-Standard-SSOT-version-1.03/103.new/activity-schema-table
maychoose,IATI-Standard-SSOT-version-1.03/103.new/activity-schema-table
ministere,IATI-Standard-SSOT-version-1.03/103.new/activities-standard/transaction/receiver-org
ministere,IATI-Standard-SSOT-version-1.02/102.new/activities-standard/transaction/receiver-org
ministere,IATI-Standard-SSOT-version-1.01/101.new/activities-standard/financial-transaction/transaction-receiver
minium,IATI-Standard-SSOT-version-1.05/docs/en/_build/dirhtml/organisation-standard/overview/iati-organisation
minium,IATI-Standard-SSOT-version-1.04/docs/en/_build/dirhtml/organisation-standard/overview/iati-organisation
multiliateral,IATI-Standard-SSOT-version-1.03/103.new/organisation-standard/budget-institution
multiliateral,IATI-Standard-SSOT-version-1.02/102.new/organisation-standard/budget-institution
multiliateral,IATI-Standard-SSOT-version-1.01/101.new/organisation-standard/budget-institution
musthave,IATI-Standard-SSOT-version-1.03/103.new/activity-schema-table
nopercentage,IATI-Standard-SSOT-version-1.03/103.new/activity-schema-table
occurance,IATI-Standard-SSOT-version-2.03/docs/en/_build/dirhtml/activity-standard/iati-activities/iati-activity/result/indicator/baseline
ofofficially,IATI-Standard-SSOT-version-1.03/103.new/activity-schema-table
opinoin,IATI-Standard-SSOT-version-1.03/103.new/updates/decimal-upgrade-to-1-04
orany,IATI-Standard-SSOT-version-1.03/103.new/activity-schema-table
ordinates,IATI-Standard-SSOT-version-1.05/docs/en/_build/dirhtml/activity-standard/iati-activities/iati-activity/location/coordinates
ordinates,IATI-Standard-SSOT-version-1.04/docs/en/_build/dirhtml/activity-standard/iati-activities/iati-activity/location/coordinates
ordinates,IATI-Standard-SSOT-version-1.03/103.new/activities-standard/location/coordinates
ordinates,IATI-Standard-SSOT-version-1.02/102.new/activities-standard/location/coordinates
ordinates,IATI-Standard-SSOT-version-1.01/101.new/activities-standard/geopolitical-information/sub-national-geo-location/coordinates
orextracted,IATI-Standard-SSOT-version-1.03/103.new/activity-schema-table
organisationsmay,IATI-Standard-SSOT-version-1.03/103.new/activity-schema-table
organisaton,IATI-Standard-SSOT-version-1.05/docs/en/_build/dirhtml/organisation-standard/overview/budgets
organisaton,IATI-Standard-SSOT-version-1.04/docs/en/_build/dirhtml/organisation-standard/overview/budgets
organsiation,IATI-Standard-SSOT-version-2.03/docs/en/_build/dirhtml/codelists/OrganisationRegistrationAgency
organsiation,IATI-Standard-SSOT-version-2.01/docs/en/_build/dirhtml/codelists/OrganisationRegistrationAgency
organsiation,IATI-Standard-SSOT-version-1.05/docs/en/_build/dirhtml/codelists/OrganisationRegistrationAgency
organsiation,IATI-Standard-SSOT-version-1.04/docs/en/_build/dirhtml/codelists/OrganisationRegistrationAgency
organsiations,IATI-Standard-SSOT-version-2.03/docs/en/_build/dirhtml/codelists/OrganisationRegistrationAgency
organsiations,IATI-Standard-SSOT-version-2.01/docs/en/_build/dirhtml/codelists/OrganisationRegistrationAgency
organsiations,IATI-Standard-SSOT-version-1.05/docs/en/_build/dirhtml/codelists/OrganisationRegistrationAgency
organsiations,IATI-Standard-SSOT-version-1.04/docs/en/_build/dirhtml/codelists/OrganisationRegistrationAgency
ormissing,IATI-Standard-SSOT-version-1.03/103.new/activity-schema-table
oroutflow,IATI-Standard-SSOT-version-1.03/103.new/activity-schema-table
oryear,IATI-Standard-SSOT-version-1.03/103.new/activity-schema-table
overridded,IATI-Standard-SSOT-version-1.03/103.new/activity-schema-table
overridded,IATI-Standard-SSOT-version-1.03/103.new/activities-standard/default-finance-type
overridded,IATI-Standard-SSOT-version-1.02/102.new/activity-schema-table
overridded,IATI-Standard-SSOT-version-1.02/102.new/activities-standard/default-finance-type
overridded,IATI-Standard-SSOT-version-1.01/101.new/activity-schema-table
overridded,IATI-Standard-SSOT-version-1.01/101.new/activities-standard/classifications/default-finance-type
overridesiati,IATI-Standard-SSOT-version-1.03/103.new/activity-schema-table
ownerof,IATI-Standard-SSOT-version-1.03/103.new/activity-schema-table
ownlinked,IATI-Standard-SSOT-version-1.03/103.new/activity-schema-table
ownvocabulary,IATI-Standard-SSOT-version-1.03/103.new/activity-schema-table
pecentage,IATI-Standard-SSOT-version-1.05/docs/en/_build/dirhtml/activity-standard/overview/geography
pecentage,IATI-Standard-SSOT-version-1.04/docs/en/_build/dirhtml/activity-standard/overview/geography
philantropic,IATI-Standard-SSOT-version-2.03/docs/en/_build/dirhtml/codelists/FlowType
philantropic,IATI-Standard-SSOT-version-2.01/docs/en/_build/dirhtml/codelists/FlowType
philantropic,IATI-Standard-SSOT-version-1.05/docs/en/_build/dirhtml/codelists/FlowType
philantropic,IATI-Standard-SSOT-version-1.04/docs/en/_build/dirhtml/codelists/FlowType
programatically,IATI-Standard-SSOT-version-2.03/docs/en/_build/dirhtml/rulesets/standard-ruleset
programatically,IATI-Standard-SSOT-version-2.01/docs/en/_build/dirhtml/rulesets/standard-ruleset
projectedyear,IATI-Standard-SSOT-version-1.03/103.new/activity-schema-table
propertiesthat,IATI-Standard-SSOT-version-1.03/103.new/activity-schema-table
provinicial,IATI-Standard-SSOT-version-2.03/docs/en/_build/dirhtml/codelists/OrganisationRegistrationAgency
provinicial,IATI-Standard-SSOT-version-2.01/docs/en/_build/dirhtml/codelists/OrganisationRegistrationAgency
provinicial,IATI-Standard-SSOT-version-1.05/docs/en/_build/dirhtml/codelists/OrganisationRegistrationAgency
provinicial,IATI-Standard-SSOT-version-1.04/docs/en/_build/dirhtml/codelists/OrganisationRegistrationAgency
publishlinked,IATI-Standard-SSOT-version-1.03/103.new/activity-schema-table
qualifie,IATI-Standard-SSOT-version-1.05/docs/en/_build/dirhtml/activity-standard/iati-activities/iati-activity/location/activity-description
qualifie,IATI-Standard-SSOT-version-1.05/docs/en/_build/dirhtml/activity-standard/iati-activities/iati-activity/location/name
qualifie,IATI-Standard-SSOT-version-1.05/docs/en/_build/dirhtml/activity-standard/iati-activities/iati-activity/location/description
qualifie,IATI-Standard-SSOT-version-1.05/docs/en/_build/dirhtml/activity-standard/example-xml
qualifie,IATI-Standard-SSOT-version-1.04/docs/en/_build/dirhtml/activity-standard/iati-activities/iati-activity/location/activity-description
qualifie,IATI-Standard-SSOT-version-1.04/docs/en/_build/dirhtml/activity-standard/iati-activities/iati-activity/location/name
qualifie,IATI-Standard-SSOT-version-1.04/docs/en/_build/dirhtml/activity-standard/iati-activities/iati-activity/location/description
qualifie,IATI-Standard-SSOT-version-1.04/docs/en/_build/dirhtml/activity-standard/example-xml
recieved,IATI-Standard-SSOT-version-2.03/docs/en/_build/dirhtml/codelists/TransactionType
recieved,IATI-Standard-SSOT-version-2.01/docs/en/_build/dirhtml/codelists/TransactionType
recieves,IATI-Standard-SSOT-version-2.03/docs/en/_build/dirhtml/codelists/PublisherType
recieves,IATI-Standard-SSOT-version-2.01/docs/en/_build/dirhtml/codelists/PublisherType
recieves,IATI-Standard-SSOT-version-1.05/docs/en/_build/dirhtml/codelists/PublisherType
recieves,IATI-Standard-SSOT-version-1.04/docs/en/_build/dirhtml/codelists/PublisherType
recommendedthat,IATI-Standard-SSOT-version-1.03/103.new/activity-schema-table
refernce,IATI-Standard-SSOT-version-1.05/docs/en/_build/dirhtml/activity-standard/overview/transactions
refernce,IATI-Standard-SSOT-version-1.04/docs/en/_build/dirhtml/activity-standard/overview/transactions
registation,IATI-Standard-SSOT-version-1.05/docs/en/_build/dirhtml/organisation-identifiers
registation,IATI-Standard-SSOT-version-1.04/docs/en/_build/dirhtml/organisation-identifiers
relavant,IATI-Standard-SSOT-version-1.05/docs/en/_build/dirhtml/activity-standard/elements
relavant,IATI-Standard-SSOT-version-1.05/docs/en/_build/dirhtml/organisation-standard/elements
relavant,IATI-Standard-SSOT-version-1.04/docs/en/_build/dirhtml/organisation-standard/elements
rendement,IATI-Standard-SSOT-version-1.03/103.new/activities-standard/result/indicator/title
rendement,IATI-Standard-SSOT-version-1.03/103.new/activities-standard/result/title
rendement,IATI-Standard-SSOT-version-1.03/103.new/activities-standard/title
rendement,IATI-Standard-SSOT-version-1.03/103.new/activities-standard/document-link/title
rendement,IATI-Standard-SSOT-version-1.02/102.new/activities-standard/result/indicator/title
rendement,IATI-Standard-SSOT-version-1.02/102.new/activities-standard/result/title
rendement,IATI-Standard-SSOT-version-1.02/102.new/activities-standard/title
rendement,IATI-Standard-SSOT-version-1.02/102.new/activities-standard/document-link/title
rendement,IATI-Standard-SSOT-version-1.01/101.new/activities-standard/results/indicator/title
rendement,IATI-Standard-SSOT-version-1.01/101.new/activities-standard/results/title
rendement,IATI-Standard-SSOT-version-1.01/101.new/activities-standard/related-documents/activity-documents/title
rendement,IATI-Standard-SSOT-version-1.01/101.new/activities-standard/basic-activity-information/activity-title
reporrting,IATI-Standard-SSOT-version-1.03/103.new/organisation-standard/reporting-organisation
reporrting,IATI-Standard-SSOT-version-1.02/102.new/organisation-standard/reporting-organisation
reporrting,IATI-Standard-SSOT-version-1.01/101.new/organisation-standard/reporting-organisation
respository,IATI-Standard-SSOT-version-1.05/docs/en/_build/dirhtml/activity-standard/iati-activities/iati-activity/location/location-id
respository,IATI-Standard-SSOT-version-1.05/docs/en/_build/dirhtml/activity-standard/summary-table
sactivity,IATI-Standard-SSOT-version-1.03/103.new/activity-schema-table
sdisbursements,IATI-Standard-SSOT-version-1.03/103.new/activity-schema-table
sectorclassifications,IATI-Standard-SSOT-version-1.03/103.new/activity-schema-table
sectoriel,IATI-Standard-SSOT-version-1.03/103.new/activities-standard/transaction/aid-type
sectoriel,IATI-Standard-SSOT-version-1.03/103.new/activities-standard/default-aid-type
sectoriel,IATI-Standard-SSOT-version-1.02/102.new/activities-standard/transaction/aid-type
sectoriel,IATI-Standard-SSOT-version-1.02/102.new/activities-standard/default-aid-type
sectoriel,IATI-Standard-SSOT-version-1.01/101.new/activities-standard/financial-transaction/transaction-aid-type
sectoriel,IATI-Standard-SSOT-version-1.01/101.new/activities-standard/classifications/default-flow-type-a
seehttp,IATI-Standard-SSOT-version-1.03/103.new/activity-schema-table
seld,IATI-Upgrades/en/_build/dirhtml/upgrade-changelogs/decimal-upgrade-to-2-02/2-02-changes
separatevocabularies,IATI-Standard-SSOT-version-1.03/103.new/activity-schema-table
seperators,IATI-Standard-SSOT-version-1.05/docs/en/_build/dirhtml/activity-standard/overview/transactions
seperators,IATI-Standard-SSOT-version-1.04/docs/en/_build/dirhtml/activity-standard/overview/transactions
setare,IATI-Standard-SSOT-version-1.03/103.new/activity-schema-table
similarily,IATI-Standard-SSOT-version-1.05/docs/en/_build/dirhtml/codelists-guides/codelist-management
similarily,IATI-Standard-SSOT-version-1.04/docs/en/_build/dirhtml/codelists-guides/codelist-management
singlular,IATI-Standard-SSOT-version-1.05/docs/en/_build/dirhtml/activity-standard/overview/classifications
singlular,IATI-Standard-SSOT-version-1.04/docs/en/_build/dirhtml/activity-standard/overview/classifications
specificactivity,IATI-Standard-SSOT-version-1.03/103.new/activity-schema-table
specificcountry,IATI-Standard-SSOT-version-1.03/103.new/activity-schema-table
ssubdivision,IATI-Standard-SSOT-version-1.03/103.new/activity-schema-table
subemelement,IATI-Standard-SSOT-version-2.03/docs/en/_build/dirhtml/activity-standard/iati-activities/iati-activity/location
subemelement,IATI-Standard-SSOT-version-2.01/docs/en/_build/dirhtml/activity-standard/iati-activities/iati-activity/location
subemelement,IATI-Standard-SSOT-version-1.05/docs/en/_build/dirhtml/activity-standard/iati-activities/iati-activity/location
subemelement,IATI-Standard-SSOT-version-1.04/docs/en/_build/dirhtml/activity-standard/iati-activities/iati-activity/location
supportdiscovery,IATI-Standard-SSOT-version-1.03/103.new/activity-schema-table
textdescription,IATI-Standard-SSOT-version-1.03/103.new/activity-schema-table
textin,IATI-Standard-SSOT-version-1.03/103.new/activity-schema-table
textthat,IATI-Standard-SSOT-version-1.03/103.new/activity-schema-table
thatif,IATI-Standard-SSOT-version-1.03/103.new/activity-schema-table
theactivity,IATI-Standard-SSOT-version-1.03/103.new/activity-schema-table
thefunctional,IATI-Standard-SSOT-version-1.03/103.new/activity-schema-table
theiati,IATI-Standard-SSOT-version-1.03/103.new/activity-schema-table
theindividual,IATI-Standard-SSOT-version-1.03/103.new/activity-schema-table
themto,IATI-Standard-SSOT-version-1.03/103.new/activity-schema-table
thenthe,IATI-Standard-SSOT-version-1.03/103.new/activity-schema-table
theoriginal,IATI-Standard-SSOT-version-1.03/103.new/activity-schema-table
thepartner,IATI-Standard-SSOT-version-1.03/103.new/activity-schema-table
therecipient,IATI-Standard-SSOT-version-1.03/103.new/activity-schema-table
thereporting,IATI-Standard-SSOT-version-1.03/103.new/activity-schema-table
thevalue,IATI-Standard-SSOT-version-1.03/103.new/activity-schema-table
thisattribute,IATI-Standard-SSOT-version-1.03/103.new/activity-schema-table
thiselement,IATI-Standard-SSOT-version-1.03/103.new/activity-schema-table
thisidentifier,IATI-Standard-SSOT-version-1.03/103.new/activity-schema-table
thisis,IATI-Standard-SSOT-version-1.03/103.new/activity-schema-table
tocross,IATI-Standard-SSOT-version-1.03/103.new/activity-schema-table
toknow,IATI-Standard-SSOT-version-1.03/103.new/activity-schema-table
tospecify,IATI-Standard-SSOT-version-1.03/103.new/activity-schema-table
transactionsin,IATI-Standard-SSOT-version-1.03/103.new/activity-schema-table
typefor,IATI-Standard-SSOT-version-1.01/101.new/activity-schema-table
typesappears,IATI-Standard-SSOT-version-1.03/103.new/activity-schema-table
underlaying,IATI-Standard-SSOT-version-1.05/docs/en/_build/dirhtml/codelists-guides/codelist-management
underlaying,IATI-Standard-SSOT-version-1.04/docs/en/_build/dirhtml/codelists-guides/codelist-management
unquiely,IATI-Standard-SSOT-version-2.03/docs/en/_build/dirhtml/organisation-standard
unquiely,IATI-Standard-SSOT-version-2.01/docs/en/_build/dirhtml/organisation-standard
unquiely,IATI-Standard-SSOT-version-1.05/docs/en/_build/dirhtml/organisation-standard
unquiely,IATI-Standard-SSOT-version-1.04/docs/en/_build/dirhtml/organisation-standard
unsupport,IATI-Standard-SSOT-version-1.02/102.new/activities-standard/overview
unsupport,IATI-Standard-SSOT-version-1.01/101.new/activities-standard/overview
urifor,IATI-Standard-SSOT-version-1.03/103.new/activity-schema-table
uriformat,IATI-Standard-SSOT-version-1.03/103.new/activity-schema-table
usethe,IATI-Standard-SSOT-version-1.03/103.new/activity-schema-table
vocabulariesthen,IATI-Standard-SSOT-version-1.03/103.new/activity-schema-table
vocabularyattribute,IATI-Standard-SSOT-version-1.03/103.new/activity-schema-table
willbenefit,IATI-Standard-SSOT-version-1.03/103.new/activity-schema-table
withdrawl,IATI-Standard-SSOT-version-1.05/docs/en/_build/dirhtml/codelists-guides/codelist-management
withdrawl,IATI-Standard-SSOT-version-1.04/docs/en/_build/dirhtml/codelists-guides/codelist-management
yearas,IATI-Standard-SSOT-version-1.03/103.new/activity-schema-table
